[
  {
    "Lesson_0001": [
      {
        "lessonTimeStamp": "20230309-171617-586",
        "totalTime": 5357,
        "totalCorrectCharacterCount": 34,
        "totalIncorrectCharacterCount": 0,
        "totalWords": 6.8,
        "averageWpm": 81.33899817512521,
        "averageAccuracy": 1,
        "adjustedWpm": 81.33899817512521
      }
    ]
  },
  {
    "Lesson_0002": [
      {
        "lessonTimeStamp": "20230309-171636-572",
        "totalTime": 6081,
        "totalCorrectCharacterCount": 28,
        "totalIncorrectCharacterCount": 2,
        "totalWords": 5.999999999999999,
        "averageWpm": 72.00586634025589,
        "averageAccuracy": 0.9333333333333332,
        "adjustedWpm": 67.2054752509055
      }
    ]
  },
  {
    "Lesson_0003": [
      {
        "lessonTimeStamp": "20230309-171703-670",
        "totalTime": 19737,
        "totalCorrectCharacterCount": 81,
        "totalIncorrectCharacterCount": 1,
        "totalWords": 16.4,
        "averageWpm": 52.42442901601361,
        "averageAccuracy": 0.9904761904761905,
        "adjustedWpm": 51.925148739670625
      },
      {
        "lessonTimeStamp": "20230309-171734-185",
        "totalTime": 19175,
        "totalCorrectCharacterCount": 81,
        "totalIncorrectCharacterCount": 1,
        "totalWords": 16.4,
        "averageWpm": 55.04713990527665,
        "averageAccuracy": 0.9904761904761905,
        "adjustedWpm": 54.5228814299883
      },
      {
        "lessonTimeStamp": "20230309-171809-683",
        "totalTime": 15888,
        "totalCorrectCharacterCount": 82,
        "totalIncorrectCharacterCount": 0,
        "totalWords": 16.4,
        "averageWpm": 64.25756666695769,
        "averageAccuracy": 1,
        "adjustedWpm": 64.25756666695769
      }
    ]
  },
  {
    "Lesson_0004": []
  },
  {
    "Lesson_0005": []
  },
  {
    "Lesson_0006": []
  },
  {
    "Lesson_0007": []
  },
  {
    "Lesson_0008": []
  },
  {
    "Lesson_0009": []
  },
  {
    "Lesson_0010": []
  },
  {
    "Lesson_0011": []
  },
  {
    "Lesson_0012": []
  },
  {
    "Lesson_0013": []
  },
  {
    "Lesson_0014": []
  },
  {
    "Lesson_0015": []
  },
  {
    "Lesson_0016": []
  },
  {
    "Lesson_0017": []
  },
  {
    "Lesson_0018": []
  },
  {
    "Lesson_0019": []
  },
  {
    "Lesson_0020": []
  },
  {
    "Lesson_0021": []
  },
  {
    "Lesson_0022": []
  }
]