[
  {
    "Lesson_0001": [
      {
        "lessonTimeStamp": "20230309-111700-801",
        "totalTime": 7393,
        "totalCorrectCharacterCount": 12,
        "totalIncorrectCharacterCount": 22,
        "totalWords": 6.8,
        "averageWpm": 78.83426138866258,
        "averageAccuracy": 0.4047619047619047,
        "adjustedWpm": 31.909105800172945
      },
      {
        "lessonTimeStamp": "20230309-120129-885",
        "totalTime": 14580,
        "totalCorrectCharacterCount": 18,
        "totalIncorrectCharacterCount": 16,
        "totalWords": 6.8,
        "averageWpm": 44.83606740274013,
        "averageAccuracy": 0.5595238095238095,
        "adjustedWpm": 25.086847237247454
      },
      {
        "lessonTimeStamp": "20230309-120203-743",
        "totalTime": 6464,
        "totalCorrectCharacterCount": 33,
        "totalIncorrectCharacterCount": 1,
        "totalWords": 6.8,
        "averageWpm": 92.48289571359628,
        "averageAccuracy": 0.9761904761904763,
        "adjustedWpm": 90.28092200612971
      },
      {
        "lessonTimeStamp": "20230317-101439-500",
        "totalTime": 5104,
        "totalCorrectCharacterCount": 34,
        "totalIncorrectCharacterCount": 0,
        "totalWords": 6.8,
        "averageWpm": 108.80811932024973,
        "averageAccuracy": 1,
        "adjustedWpm": 108.80811932024973
      }
    ]
  },
  {
    "Lesson_0002": [
      {
        "lessonTimeStamp": "20230309-120842-216",
        "totalTime": 6992,
        "totalCorrectCharacterCount": 30,
        "totalIncorrectCharacterCount": 0,
        "totalWords": 5.999999999999999,
        "averageWpm": 68.40390485844361,
        "averageAccuracy": 1,
        "adjustedWpm": 68.40390485844361
      },
      {
        "lessonTimeStamp": "20230309-121340-392",
        "totalTime": 5594,
        "totalCorrectCharacterCount": 30,
        "totalIncorrectCharacterCount": 0,
        "totalWords": 5.999999999999999,
        "averageWpm": 77.90994409973771,
        "averageAccuracy": 1,
        "adjustedWpm": 77.90994409973771
      },
      {
        "lessonTimeStamp": "20230316-052529-344",
        "totalTime": 5472,
        "totalCorrectCharacterCount": 29,
        "totalIncorrectCharacterCount": 1,
        "totalWords": 5.999999999999999,
        "averageWpm": 72.42973239021842,
        "averageAccuracy": 0.9666666666666668,
        "adjustedWpm": 70.01540797721114
      }
    ]
  },
  {
    "Lesson_0003": [
      {
        "lessonTimeStamp": "20230309-121409-367",
        "totalTime": 18849,
        "totalCorrectCharacterCount": 81,
        "totalIncorrectCharacterCount": 1,
        "totalWords": 16.4,
        "averageWpm": 55.72156004511353,
        "averageAccuracy": 0.990990990990991,
        "adjustedWpm": 55.219564008671064
      },
      {
        "lessonTimeStamp": "20230314-151630-334",
        "totalTime": 18018,
        "totalCorrectCharacterCount": 81,
        "totalIncorrectCharacterCount": 1,
        "totalWords": 16.4,
        "averageWpm": 59.31421893950903,
        "averageAccuracy": 0.990990990990991,
        "adjustedWpm": 58.779856606720664
      },
      {
        "lessonTimeStamp": "20230314-153831-855",
        "totalTime": 18296,
        "totalCorrectCharacterCount": 79,
        "totalIncorrectCharacterCount": 3,
        "totalWords": 16.4,
        "averageWpm": 58.63471445573203,
        "averageAccuracy": 0.971943371943372,
        "adjustedWpm": 56.98962208104097
      }
    ]
  },
  {
    "Lesson_0004": []
  },
  {
    "Lesson_0005": []
  },
  {
    "Lesson_0006": []
  },
  {
    "Lesson_0007": []
  },
  {
    "Lesson_0008": []
  },
  {
    "Lesson_0009": []
  },
  {
    "Lesson_0010": []
  },
  {
    "Lesson_0011": []
  },
  {
    "Lesson_0012": []
  },
  {
    "Lesson_0013": []
  },
  {
    "Lesson_0014": []
  },
  {
    "Lesson_0015": []
  },
  {
    "Lesson_0016": []
  },
  {
    "Lesson_0017": []
  },
  {
    "Lesson_0018": []
  },
  {
    "Lesson_0019": []
  },
  {
    "Lesson_0020": []
  },
  {
    "Lesson_0021": []
  },
  {
    "Lesson_0022": []
  }
]