{
  "debugFiles|debugSetting.application.main": true,
  "debugFiles|debugSetting.application.main@ModuleFontStyle": "Bold|Underline",
  "debugFiles|debugSetting.application.main@FunctionFontStyle": "Bold|Underline",
  "debugFiles|debugSetting.application.main@MessageFontStyle": "Underline",
  "debugFiles|debugSetting.application.main@DataFontStyle": "Bold",
  "debugFiles|debugSetting.application.main@ModuleFontColor": "0,0,0",
  "debugFiles|debugSetting.application.main@FunctionFontColor": "0,0,0",
  "debugFiles|debugSetting.application.main@MessageFontColor": "0,0,0",
  "debugFiles|debugSetting.application.main@DataFontColor": "Yellow",
  "debugFiles|debugSetting.application.main@ModuleFontBackgroundColor": "255,255,255",
  "debugFiles|debugSetting.application.main@FunctionFontBackgroundColor": "255,255,255",
  "debugFiles|debugSetting.application.main@MessageFontBackgroundColor": "255,255,255",
  "debugFiles|debugSetting.application.main@DataFontBackgroundColor": "255,255,255",
  "debugFunctions|debugSetting.application.main.application": false,
  "debugFunctions|debugSetting.application.main.application@ModuleFontStyle": "Default",
  "debugFunctions|debugSetting.application.main.application@FunctionFontStyle": "Default",
  "debugFunctions|debugSetting.application.main.application@MessageFontStyle": "Default",
  "debugFunctions|debugSetting.application.main.application@DataFontStyle": "Default",
  "debugFunctions|debugSetting.application.main.application@ModuleFontColor": "Default",
  "debugFunctions|debugSetting.application.main.application@FunctionFontColor": "Default",
  "debugFunctions|debugSetting.application.main.application@MessageFontColor": "Default",
  "debugFunctions|debugSetting.application.main.application@DataFontColor": "Default",
  "debugFunctions|debugSetting.application.main.application@ModuleFontBackgroundColor": "Default",
  "debugFunctions|debugSetting.application.main.application@FunctionFontBackgroundColor": "Default",
  "debugFunctions|debugSetting.application.main.application@MessageFontBackgroundColor": "Default",
  "debugFunctions|debugSetting.application.main.application@DataFontBackgroundColor": "Default"
}
