<?xml version="1.0" encoding="UTF-8"?><CommandsAliases>
  <Command Name="createAccount" Aliases="CreateAccont,CreateAccnt,CreateAcct,CreateAct,CreateAccount,CAccont,CAccnt,CAcct,CAct,CAccount,CrtAccont,CrtAccnt,CrtAcct,CrtAct,CrtAccount,CratAccont,CratAccnt,CratAcct,CratAct,CratAccount,CretAccont,CretAccnt,CretAcct,CretAct,CretAccount,CrateAccont,CrateAccnt,CrateAcct,CrateAct,CrateAccount,CreeAccont,CreeAccnt,CreeAcct,CreeAct,CreeAccount,CreatAccont,CreatAccnt,CreatAcct,CreatAct" Description="Creates a Haystacks Typing Tutor account to track your progress."/>
  <Command Name="printAccountsData" Aliases="PrintAccountsDat,PrintAccountsDt,PrintAccountsD,PrintAccountsData,PrintAsDat,PrintAsDt,PrintAsD,PrintAsData,PrintActsDat,PrintActsDt,PrintActsD,PrintActsData,PrintAcntsDat,PrintAcntsDt,PrintAcntsD,PrintAcntsData,PrintAccntsDat,PrintAccntsDt,PrintAccntsD,PrintAccntsData,PrintAccontsDat,PrintAccontsDt,PrintAccontsD,PrintAccontsData,PtAccountsDat,PtAccountsDt,PtAccountsD,PtAccountsData,PtAsDat,PtAsDt,PtAsD,PtAsData,PtActsDat,PtActsDt,PtActsD,PtActsData,PtAcntsDat,PtAcntsDt,PtAcntsD,PtAcntsData,PtAccntsDat,PtAccntsDt,PtAccntsD,PtAccntsData,PtAccontsDat,PtAccontsDt,PtAccontsD,PtAccontsData,PrtAccountsDat,PrtAccountsDt,PrtAccountsD,PrtAccountsData,PrtAsDat,PrtAsDt,PrtAsD,PrtAsData,PrtActsDat,PrtActsDt,PrtActsD,PrtActsData,PrtAcntsDat,PrtAcntsDt,PrtAcntsD,PrtAcntsData,PrtAccntsDat,PrtAccntsDt,PrtAccntsD,PrtAccntsData,PrtAccontsDat,PrtAccontsDt,PrtAccontsD,PrtAccontsData,PrntAccountsDat,PrntAccountsDt,PrntAccountsD,PrntAccountsData,PrntAsDat,PrntAsDt,PrntAsD,PrntAsData,PrntActsDat,PrntActsDt,PrntActsD,PrntActsData,PrntAcntsDat,PrntAcntsDt,PrntAcntsD,PrntAcntsData,PrntAccntsDat,PrntAccntsDt,PrntAccntsD,PrntAccntsData,PrntAccontsDat,PrntAccontsDt,PrntAccontsD" Description="Prints out the data for all accounts currently in the system."/>
  <Command Name="printAccountData" Aliases="PrintAccountDat,PrintAccountDt,PrintAccountD,PrintAccountData,PrintADat,PrintADt,PrintAD,PrintAData,PrintActDat,PrintActDt,PrintActD,PrintActData,PrintAcntDat,PrintAcntDt,PrintAcntD,PrintAcntData,PrintAccntDat,PrintAccntDt,PrintAccntD,PrintAccntData,PrintAccontDat,PrintAccontDt,PrintAccontD,PrintAccontData,PtAccountDat,PtAccountDt,PtAccountD,PtAccountData,PtADat,PtADt,PtAD,PtAData,PtActDat,PtActDt,PtActD,PtActData,PtAcntDat,PtAcntDt,PtAcntD,PtAcntData,PtAccntDat,PtAccntDt,PtAccntD,PtAccntData,PtAccontDat,PtAccontDt,PtAccontD,PtAccontData,PrtAccountDat,PrtAccountDt,PrtAccountD,PrtAccountData,PrtADat,PrtADt,PrtAD,PrtAData,PrtActDat,PrtActDt,PrtActD,PrtActData,PrtAcntDat,PrtAcntDt,PrtAcntD,PrtAcntData,PrtAccntDat,PrtAccntDt,PrtAccntD,PrtAccntData,PrtAccontDat,PrtAccontDt,PrtAccontD,PrtAccontData,PrntAccountDat,PrntAccountDt,PrntAccountD,PrntAccountData,PrntADat,PrntADt,PrntAD,PrntAData,PrntActDat,PrntActDt,PrntActD,PrntActData,PrntAcntDat,PrntAcntDt,PrntAcntD,PrntAcntData,PrntAccntDat,PrntAccntDt,PrntAccntD,PrntAccntData,PrntAccontDat,PrntAccontDt,PrntAccontD" Description="Prints out the contents of a users account data, or all accounts data if no account name specified."/>
  <Command Name="deleteAccount" Aliases="DeleteAccont,DeleteAccnt,DeleteAcnt,DeleteAct,DeleteA,DeleteAccount,DAccont,DAccnt,DAcnt,DAct,DA,DAccount,DlAccont,DlAccnt,DlAcnt,DlAct,DlA,DlAccount,DelAccont,DelAccnt,DelAcnt,DelAct,DelA,DelAccount,DeltAccont,DeltAccnt,DeltAcnt,DeltAct,DeltA,DeltAccount,DeletAccont,DeletAccnt,DeletAcnt,DeletAct,DeletA" Description="Deletes a users account, and all account data."/>
  <Command Name="login" Aliases="logi,logn,lgi,lgn,li" Description="Allows the user to login to a specified user account."/>
  <Command Name="logout" Aliases="logo,lgo,lo" Description="Allows the user to logout of their account."/>
  <Command Name="startLesson" Aliases="StartLessn,StartLsson,StartLeson,StartLesn,StartLsn,StartLs,StartL,StartLesson,StLessn,StLsson,StLeson,StLesn,StLsn,StLs,StL,StLesson,SrtLessn,SrtLsson,SrtLeson,SrtLesn,SrtLsn,SrtLs,SrtL,SrtLesson,StrLessn,StrLsson,StrLeson,StrLesn,StrLsn,StrLs,StrL,StrLesson,StrtLessn,StrtLsson,StrtLeson,StrtLesn,StrtLsn,StrtLs,StrtL" Description="Allows the user to execute a typing lesson."/>
  <Command Name="generateUserReport" Aliases="GenerateUserReprt,GenerateUserRprt,GenerateUserRpt,GenerateUserReport,GenerateUsReprt,GenerateUsRprt,GenerateUsRpt,GenerateUsReport,GenerateUsrReprt,GenerateUsrRprt,GenerateUsrRpt,GenerateUsrReport,GnUserReprt,GnUserRprt,GnUserRpt,GnUserReport,GnUsReprt,GnUsRprt,GnUsRpt,GnUsReport,GnUsrReprt,GnUsrRprt,GnUsrRpt,GnUsrReport,GenUserReprt,GenUserRprt,GenUserRpt,GenUserReport,GenUsReprt,GenUsRprt,GenUsRpt,GenUsReport,GenUsrReprt,GenUsrRprt,GenUsrRpt,GenUsrReport,GenrUserReprt,GenrUserRprt,GenrUserRpt,GenrUserReport,GenrUsReprt,GenrUsRprt,GenrUsRpt,GenrUsReport,GenrUsrReprt,GenrUsrRprt,GenrUsrRpt,GenrUsrReport,GenrtUserReprt,GenrtUserRprt,GenrtUserRpt,GenrtUserReport,GenrtUsReprt,GenrtUsRprt,GenrtUsRpt,GenrtUsReport,GenrtUsrReprt,GenrtUsrRprt,GenrtUsrRpt,GenrtUsrReport,GenratUserReprt,GenratUserRprt,GenratUserRpt,GenratUserReport,GenratUsReprt,GenratUsRprt,GenratUsRpt,GenratUsReport,GenratUsrReprt,GenratUsrRprt,GenratUsrRpt,GenratUsrReport,GenrteUserReprt,GenrteUserRprt,GenrteUserRpt,GenrteUserReport,GenrteUsReprt,GenrteUsRprt,GenrteUsRpt,GenrteUsReport,GenrteUsrReprt,GenrteUsrRprt,GenrteUsrRpt,GenrteUsrReport,GenrateUserReprt,GenrateUserRprt,GenrateUserRpt,GenrateUserReport,GenrateUsReprt,GenrateUsRprt,GenrateUsRpt,GenrateUsReport,GenrateUsrReprt,GenrateUsrRprt,GenrateUsrRpt" Description="Generates a table that displays what lessons the current logged in user has passed or failed."/>
  <Command Name="printRecords" Aliases="PrintRecrds,PrintRecods,PrintRecds,PrintRcrds,PrintRcds,PrintRds,PrintRecords,PtRecrds,PtRecods,PtRecds,PtRcrds,PtRcds,PtRds,PtRecords,PrtRecrds,PrtRecods,PrtRecds,PrtRcrds,PrtRcds,PrtRds,PrtRecords,PrntRecrds,PrntRecods,PrntRecds,PrntRcrds,PrntRcds,PrntRds" Description="Prints out a report of the highest passing lesson for all registered users."/>
  <Command Name="destroyRecords" Aliases="DestroyRecrds,DestroyRecods,DestroyRecds,DestroyRcrds,DestroyRcds,DestroyRds,DestroyRecords,DstyRecrds,DstyRecods,DstyRecds,DstyRcrds,DstyRcds,DstyRds,DstyRecords,DstryRecrds,DstryRecods,DstryRecds,DstryRcrds,DstryRcds,DstryRds,DstryRecords,DestryRecrds,DestryRecods,DestryRecds,DestryRcrds,DestryRcds,DestryRds" Description="Prints instructions for how the teacher or sys-admin can destroy all user records."/>
</CommandsAliases>