{
  "LessonPlan": [{
    "Lesson_0001": {
      "Name": "Lesson_0001",
      "Number": 1,
      "Description": "Keys f & j",
      "Lines": [{
        "Line_01": "fj",
        "Line_02": "ffffjjj",
        "Line_03": "jffffjj",
        "Line_04": "jjffjjf",
        "Line_05": "fjjfjfj",
        "Line_06": "jfjf"
      }]
    },
    "Lesson_0002": {
      "Name": "Lesson_0002",
      "Number": 2,
      "Description": "Practice f & j Lesson 1",
      "Lines": [{
        "Line_01": "f f j j",
        "Line_02": "ff f f",
        "Line_03": "jj jj f",
        "Line_04": "j jf ff",
        "Line_05": "j j"
      }]
    },
    "Lesson_0003": {
      "Name": "Lesson_0003",
      "Number": 3,
      "Description": "Practice f & j Lesson 2",
      "Lines": [{
        "Line_01": "ffff jjjj ff jj fff jjj fj fj jjf ffj",
        "Line_02": "fff jjj ffj jjf fjfj fffj jjjf ffjj",
        "Line_03": "ff jj ffff"
      }]
    },
    "Lesson_0004": {
      "Name": "Lesson_0004",
      "Number": 4,
      "Description": "Keys d & k",
      "Lines": [{
        "Line_01": "dk",
        "Line_02": "ddddkkk",
        "Line_03": "kddddkk",
        "Line_04": "kkddkkd",
        "Line_05": "dkkdkdk",
        "Line_06": "kdkd"
      }]
    },
    "Lesson_0005": {
      "Name": "Lesson_0005",
      "Number": 5,
      "Description": "Practice d & k Lesson 1",
      "Lines": [{
        "Line_01": "dd kk dk dk kd kd ddd kkd ddk dkk",
        "Line_02": "kkdd ddkk dddd kkkk ddkk kkdd kdd kddd",
        "Line_03": "dk kk"
      }]
    },
    "Lesson_0006": {
      "Name": "Lesson_0006",
      "Number": 6,
      "Description": "Practice d & k Lesson 2",
      "Lines": [{
        "Line_01": "ffff ddd jjjj kkkk df df jk jk jjj",
        "Line_02": "fff ddff jjkk kkdd fdfd jkjk dfjk dfjk",
        "Line_03": "kkdd jkjk dfdf dfjj jjfd kkjj dfjk",
        "Line_04": "ddkd kkdk"
      }]
    },
    "Lesson_0007": {
      "Name": "Lesson_0007",
      "Number": 7,
      "Description": "Test 1",
      "Lines": [{
        "Line_01": "ffjjfjkdjkdfkjdkfjkdjfkjdfkdjfkdfdkjfkdf"
      }]
    },
    "Lesson_0008": {
      "Name": "Lesson_0008",
      "Number": 8,
      "Description": "Keys s & l",
      "Lines": [{
        "Line_01": "sl",
        "Line_02": "sssslll",
        "Line_03": "lssssll",
        "Line_04": "llsslls",
        "Line_05": "sllslsl",
        "Line_06": "lsls"
      }]
    },
    "Lesson_0009": {
      "Name": "Lesson_0009",
      "Number": 9,
      "Description": "Practice s & l Lesson 1",
      "Lines": [{
        "Line_01": "ll ss ssll slsl lsssl slls lsll ssl",
        "Line_02": "lss ssll slsl llsslsll ssl ssll slsl",
        "Line_03": "lsll ll"
      }]
    },
    "Lesson_0010": {
      "Name": "Lesson_0010",
      "Number": 10,
      "Description": "Practice s & l Lesson 2",
      "Lines": [{
        "Line_01": "jj ff kk dd ll ssssd df fj jk kl",
        "Line_02": "sdfsk dl ks jf kd lslfl kl js kd jf",
        "Line_03": "sdfllk kkj jjf"
      }]
    },
    "Lesson_0011": {
      "Name": "Lesson_0011",
      "Number": 11,
      "Description": "Keys a & ;",
      "Lines": [{
        "Line_01": "a;",
        "Line_02": "aaaa;;;",
        "Line_03": ";aaaa;;",
        "Line_04": ";;aa;;a",
        "Line_05": "a;;a;a;",
        "Line_06": ";a;a"
      }]
    },
    "Lesson_0012": {
      "Name": "Lesson_0012",
      "Number": 12,
      "Description": "Practice a & ; Lesson 1",
      "Lines": [{
        "Line_01": "aa ;; ;;aa ;a;a a;;;a ;aa; a;aa",
        "Line_02": ";;aaa;; ;;aa ;a;a aa;;a;aa ;;a ;;aa",
        "Line_03": ";a;a"
      }]
    },
    "Lesson_0013": {
      "Name": "Lesson_0013",
      "Number": 13,
      "Description": "Practice a & ; Lesson 2",
      "Lines": [{
        "Line_01": "ask dad all salads fall; lass as all",
        "Line_02": "ads add salsa jaff kad; flask lass sad",
        "Line_03": "fall alfa jak kaj dad ask"
      }]
    },
    "Lesson_0014": {
      "Name": "Lesson_0014",
      "Number": 14,
      "Description": "Test 2",
      "Lines": [{
        "Line_01": "all;fallflask;salad;salad;sfallfallaladjlaskflaskasasaladask"
      }]
    },
    "Lesson_0015": {
      "Name": "Lesson_0015",
      "Number": 15,
      "Description": "Home Row L-Hand",
      "Lines": [{
        "Line_01": "dad dada ad ada adad sad sada",
        "Line_02": "dasad fas fasd dada affa fada fasa",
        "Line_03": "saf fdds sadf"
      }]
    },
    "Lesson_0016": {
      "Name": "Lesson_0016",
      "Number": 16,
      "Description": "Home Row R-Hand",
      "Lines": [{
        "Line_01": "jk jk jjkk jlkj ;;;; lkjj jj;;",
        "Line_02": "lkjj lkjj lk;; jkl; jjkk lkj jjkk",
        "Line_03": "lkjj ;;;; llll kkkk jjjj jl jk kj",
        "Line_04": "klj lkj kljj kljj"
      }]
    },
    "Lesson_0017": {
      "Name": "Lesson_0017",
      "Number": 17,
      "Description": "Keys g & h",
      "Lines": [{
        "Line_01": "gh",
        "Line_02": "gggghhh",
        "Line_03": "hgggghh",
        "Line_04": "hhgghhg",
        "Line_05": "ghhghgh",
        "Line_06": "hgh"
      }]
    },
    "Lesson_0018": {
      "Name": "Lesson_0018",
      "Number": 18,
      "Description": "Practice g & h Lesson 1",
      "Lines": [{
        "Line_01": "gf ggf gf ggf hj hhj hj hhj gfgf",
        "Line_02": "hjhj gggf hhhj fghj fgf jhj fgfgf",
        "Line_03": "jhjhj ggf hhj gghh ghgh ghfj ggf",
        "Line_04": "hhj"
      }]
    },
    "Lesson_0019": {
      "Name": "Lesson_0019",
      "Number": 19,
      "Description": "Practice g & h Lesson 2",
      "Lines": [{
        "Line_01": "glad glass gag had haha gal hal",
        "Line_02": "gaf hah haha gaga glad hala hal",
        "Line_03": "hasha shash gl"
      }]
    },
    "Lesson_0020": {
      "Name": "Lesson_0020",
      "Number": 20,
      "Description": "Home Row Review",
      "Lines": [{
        "Line_01": "glad dad had half a glass as",
        "Line_02": "salad; dad shall ask glass flags",
        "Line_03": "had glass ask shall flask had",
        "Line_04": "slash jaff"
      }]
    },
    "Lesson_0021": {
      "Name": "Lesson_0021",
      "Number": 21,
      "Description": "Test 3",
      "Lines": [{
        "Line_01": "dadhalfasaladagladflaghadslashladsaladhalfasaladadsfadfs"
      }]
    },
    "Lesson_0022": {
      "Name": "Lesson_0022",
      "Number": 22,
      "Description": "Keys r & u",
      "Lines": [{
        "Line_01": "ru",
        "Line_02": "rrruuru",
        "Line_03": "uuuruur",
        "Line_04": "rruruur",
        "Line_05": "rrruruu",
        "Line_06": "uruu"
      }]
    },
    "Lesson_0023": {
      "Name": "Lesson_0023",
      "Number": 23,
      "Description": "Practice r & u Lesson 1",
      "Lines": [{
        "Line_01": "rf rrf rf rrf uj uuj uj uuj rfrf",
        "Line_02": "ujuj rrrf uuuj fruj frf juj frfrf",
        "Line_03": "jujuj rrf uuj rruu ruru rufj rrf",
        "Line_04": "uuj"
      }]
    },
    "Lesson_0024": {
      "Name": "Lesson_0024",
      "Number": 24,
      "Description": "Practice r & u Lesson 2",
      "Lines": [{
        "Line_01": "usual salad has hug laugh rush us lurk",
        "Line_02": "radar rural shark skull sugar us ask",
        "Line_03": "dull dad flag harsh"
      }]
    },
    "Lesson_0025": {
      "Name": "Lesson_0025",
      "Number": 25,
      "Description": "Keys e & i",
      "Lines": [{
        "Line_01": "ei",
        "Line_02": "eiiieee",
        "Line_03": "eiieiee",
        "Line_04": "iieieii",
        "Line_05": "ieeiiei",
        "Line_06": "eiee"
      }]
    },
    "Lesson_0026": {
      "Name": "Lesson_0026",
      "Number": 26,
      "Description": "Practice e & i Lesson 1",
      "Lines": [{
        "Line_01": "ed eed ed eed ik iik ik iik eded ikik",
        "Line_02": "eeed iik deik dede kik deded kikik",
        "Line_03": "eed iik eeii eiei eidk eed ik"
      }]
    },
    "Lesson_0027": {
      "Name": "Lesson_0027",
      "Number": 27,
      "Description": "Practice e & i Lesson 2",
      "Lines": [{
        "Line_01": "address add reader skill did suffer",
        "Line_02": "all field ear free kiss ride aide died",
        "Line_03": "dealers lied alike darker area afraid",
        "Line_04": "all air duller user free idea"
      }]
    },
    "Lesson_0028": {
      "Name": "Lesson_0028",
      "Number": 28,
      "Description": "Review Home + ruei",
      "Lines": [{
        "Line_01": "red fair hear her her life here has",
        "Line_02": "raise a hers here is read his rugs",
        "Line_03": "raised her rule as reared far as he",
        "Line_04": "red field her dreaded here al hard",
        "Line_05": "herself hair;"
      }]
    },
    "Lesson_0029": {
      "Name": "Lesson_0029",
      "Number": 29,
      "Description": "Top Row: Left Hand",
      "Lines": [{
        "Line_01": "a red address dragged a dare dare as",
        "Line_02": "feared degree reads rage are seeds a",
        "Line_03": "address are see fared garage dare read",
        "Line_04": "dear see"
      }]
    },
    "Lesson_0030": {
      "Name": "Lesson_0030",
      "Number": 30,
      "Description": "Top Row: Right Hand",
      "Lines": [{
        "Line_01": "hill ill lill; hill lik jil jh jll",
        "Line_02": "kll jjjk jjjl lll; ;;;k lkj ;lkj jill",
        "Line_03": "hill kih khil khil likh"
      }]
    },
    "Lesson_0031": {
      "Name": "Lesson_0031",
      "Number": 31,
      "Description": "Test 4 - ruei",
      "Lines": [{
        "Line_01": "afraid guess laugh heard shall dress glass field"
      }]
    },
    "Lesson_0032": {
      "Name": "Lesson_0032",
      "Number": 32,
      "Description": "Keys w & o",
      "Lines": [{
        "Line_01": "wo",
        "Line_02": "wwoowwo",
        "Line_03": "owwooow",
        "Line_04": "woowwwo",
        "Line_05": "owwowoo",
        "Line_06": "wwwo"
      }]
    },
    "Lesson_0033": {
      "Name": "Lesson_0033",
      "Number": 33,
      "Description": "Practice w & o Lesson 1",
      "Lines": [{
        "Line_01": "ws wws ws wws ol ool ol ool wsws olol",
        "Line_02": "wwws oool swol sws lol swsws lolol wws",
        "Line_03": "ool wwoo wowo wosl wws ool"
      }]
    },
    "Lesson_0034": {
      "Name": "Lesson_0034",
      "Number": 34,
      "Description": "Practice w & o Lesson 2",
      "Lines": [{
        "Line_01": "swear owe lower alo allow row weak",
        "Line_02": "flower follow wear sure well road saw",
        "Line_03": "rear risker order soldiers worried",
        "Line_04": "awkward firewood afford"
      }]
    },
    "Lesson_0035": {
      "Name": "Lesson_0035",
      "Number": 35,
      "Description": "Test 5 - Top 6 Keys",
      "Lines": [{
        "Line_01": "soshewaswereafewflowerssawhisshadowwereweawareofwhere"
      }]
    },
    "Lesson_0036": {
      "Name": "Lesson_0036",
      "Number": 36,
      "Description": "Keys q & y",
      "Lines": [{
        "Line_01": "qy",
        "Line_02": "qyyqyyyy",
        "Line_03": "qyqqqyy",
        "Line_04": "yqyqyyq",
        "Line_05": "yyyqqqy",
        "Line_06": "yqyq"
      }]
    },
    "Lesson_0037": {
      "Name": "Lesson_0037",
      "Number": 37,
      "Description": "Practice q & y Lesson 1",
      "Lines": [{
        "Line_01": "qa qqa qa qqa yj yyj yj yyj qaqa yjyj",
        "Line_02": "qqqa yyyj aqyj aqa jyj aqaqa jyjyj qqa",
        "Line_03": "yyj qqy qyqy qyaj qqa yyj"
      }]
    },
    "Lesson_0038": {
      "Name": "Lesson_0038",
      "Number": 38,
      "Description": "Practice q & y Lesson 2",
      "Lines": [{
        "Line_01": "sheaf qualify already yellow we early",
        "Line_02": "why require year sir how liquid yard",
        "Line_03": "joy yield risk lady offer rough ready"
      }]
    },
    "Lesson_0039": {
      "Name": "Lesson_0039",
      "Number": 39,
      "Description": "Keys t & p",
      "Lines": [{
        "Line_01": "tp",
        "Line_02": "pptptpt",
        "Line_03": "ttttptp",
        "Line_04": "tpptptp",
        "Line_05": "pptpttp",
        "Line_06": "tppt"
      }]
    },
    "Lesson_0040": {
      "Name": "Lesson_0040",
      "Number": 40,
      "Description": "Practice t & p Lesson 1",
      "Lines": [{
        "Line_01": "tf ttf tf ttf p; pp; p; pp; tftf p;p;",
        "Line_02": "tttf ppp; ftp; ftf ;p; ftftf ;p;p; ttf",
        "Line_03": "pp; ttpp tptp tpf; ttf pp;"
      }]
    },
    "Lesson_0041": {
      "Name": "Lesson_0041",
      "Number": 41,
      "Description": "Practice t & p Lesson 2",
      "Lines": [{
        "Line_01": "two fall first soft white adapt thirty",
        "Line_02": "ought other post wealthy our totally",
        "Line_03": "tree teeth faith trailer rapidly slight",
        "Line_04": "fourth fast"
      }]
    },
    "Lesson_0042": {
      "Name": "Lesson_0042",
      "Number": 42,
      "Description": "Test 6 - Top Row",
      "Lines": [{
        "Line_01": "hueadgsfpo;rtwjlqkiyohpskwfytldgqjui;raeokrpwltsgqiyja;uedhf"
      }]
    },
    "Lesson_0043": {
      "Name": "Lesson_0043",
      "Number": 43,
      "Description": "Review - Home + Top Rows",
      "Lines": [{
        "Line_01": "with all their faults well if the",
        "Line_02": "wages are the depth of his safest take",
        "Line_03": "out of this world with us of his",
        "Line_04": "property till he pay you for slipped"
      }]
    },
    "Lesson_0044": {
      "Name": "Lesson_0044",
      "Number": 44,
      "Description": "Top Row - Left Hand",
      "Lines": [{
        "Line_01": "we are at a great ease a start as fast",
        "Line_02": "as a referred sea rewarded a wage tea",
        "Line_03": "art wetted gate a great add are at",
        "Line_04": "tea start were art free"
      }]
    },
    "Lesson_0045": {
      "Name": "Lesson_0045",
      "Number": 45,
      "Description": "Top Row - Left Hand",
      "Lines": [{
        "Line_01": "we are at a great ease a start as fast",
        "Line_02": "as a referred sea rewarded a wage tea",
        "Line_03": "art wetted gate a great add are at",
        "Line_04": "tea start were art free"
      }]
    },
    "Lesson_0046": {
      "Name": "Lesson_0046",
      "Number": 46,
      "Description": "Top Row - Right Hand",
      "Lines": [{
        "Line_01": "you look up you pul up poppy; loop",
        "Line_02": "oil you joy hop hill; oh pool up you",
        "Line_03": "jolly hill ill pill lol you; joy"
      }]
    },
    "Lesson_0047": {
      "Name": "Lesson_0047",
      "Number": 47,
      "Description": "Test 7 - Top Row",
      "Lines": [{
        "Line_01": "yrgilokwfthygeswaopiqwertyuiopjufrkefikikw"
      }]
    },
    "Lesson_0048": {
      "Name": "Lesson_0048",
      "Number": 48,
      "Description": "Test 8 - Top Row FINAL",
      "Lines": [{
        "Line_01": "the air is like this is lot like the early edge were"
      }]
    },
    "Lesson_0049": {
      "Name": "Lesson_0049",
      "Number": 49,
      "Description": "Keys v & m",
      "Lines": [{
        "Line_01": "vm",
        "Line_02": "vmvmmvm",
        "Line_03": "mmvvvvm",
        "Line_04": "vmvmvmm",
        "Line_05": "mvmvmmv",
        "Line_06": "vvmm"
      }]
    },
    "Lesson_0050": {
      "Name": "Lesson_0050",
      "Number": 50,
      "Description": "Practice v & m Lesson 1",
      "Lines": [{
        "Line_01": "vf vvf vf vvf mj mmj mj mmj vfvf mjmj",
        "Line_02": "vvvf mmmj fvmj fvf jmj fvfvf jmjmj vvf",
        "Line_03": "mmj vvmm vmvm vmfj vvf mmj"
      }]
    },
    "Lesson_0051": {
      "Name": "Lesson_0051",
      "Number": 51,
      "Description": "Travel R Index Finger",
      "Lines": [{
        "Line_01": "mju mju muj muj mjum jumu jmum mjmmu",
        "Line_02": "jummj mujm muj mju"
      }]
    },
    "Lesson_0052": {
      "Name": "Lesson_0052",
      "Number": 52,
      "Description": "Travel L Index Finger",
      "Lines": [{
        "Line_01": "vfr vfr vrf vrf vfrv frvr fvrv vfvvr",
        "Line_02": "frvvf vrfv vrf vfr"
      }]
    },
    "Lesson_0053": {
      "Name": "Lesson_0053",
      "Number": 53,
      "Description": "Keys c & ,",
      "Lines": [{
        "Line_01": "c,",
        "Line_02": "c,c,cc,",
        "Line_03": ",c,cccc",
        "Line_04": ",c,,,c,",
        "Line_05": "c,ccc,c",
        "LIne_06": ",c,c"
      }]
    },
    "Lesson_0054": {
      "Name": "Lesson_0054",
      "Number": 54,
      "Description": "Practice c & , Lesson 1",
      "Lines": [{
        "Line_01": "cd ccd cd ccd ,k ,,k ,k ,k cdcd ,k,k",
        "Line_02": "cccd ,,,k dc,k dcd k,k dcdcd k,k,k ccd",
        "Line_03": ",,k cc,, c,c, c,dk ccd ,,k"
      }]
    },
    "Lesson_0055": {
      "Name": "Lesson_0055",
      "Number": 55,
      "Description": "Practice c & , Lesson 2",
      "Lines": [{
        "Line_01": "i accept the idea of class, she lost",
        "Line_02": "her credit card, this car could reach",
        "Line_03": "top speed, the chair must touch the",
        "Line_04": "wall, ice hockey created"
      }]
    },
    "Lesson_0056": {
      "Name": "Lesson_0056",
      "Number": 56,
      "Description": "Travel R Middle Finger",
      "Lines": [{
        "Line_01": ",ki ,ki ,ik ,ik ,ki, ki,i k,i, ,k,,i",
        "Line_02": "ki,,k ,ik, ,ik ,ki"
      }]
    },
    "Lesson_0057": {
      "Name": "Lesson_0057",
      "Number": 57,
      "Description": "Travel L Middle Finger",
      "Lines": [{
        "Line_01": "cde cde ced ced cdec dece dcec cdcce",
        "Line_02": "deccd cedc ced cde"
      }]
    },
    "Lesson_0058": {
      "Name": "Lesson_0058",
      "Number": 58,
      "Description": "Test 9 - vmc",
      "Lines": [{
        "Line_01": "accept,oracle,class,credit,card,car,could,clever,came,could"
      }]
    },
    "Lesson_0059": {
      "Name": "Lesson_0059",
      "Number": 59,
      "Description": "Keys x & .",
      "Lines": [{
        "Line_01": "x.",
        "Line_02": "x.x.xx.",
        "Line_03": ".x.xxxx",
        "Line_04": ".x...x.",
        "Line_05": "x.xxx.x",
        "Line_06": ".x.x"
      }]
    },
    "Lesson_0060": {
      "Name": "Lesson_0060",
      "Number": 60,
      "Description": "Practice x & . Lesson 1",
      "Lines": [{
        "Line_01": "xs xxs xs xxs .l ..l .l ..l xsxs .l.l",
        "Line_02": "xxxs ...l sx.l sxs l.l sxsxs l.l.l xxs",
        "Line_03": ".l xx. x.x. x.sl xxs ..l"
      }]
    },
    "Lesson_0061": {
      "Name": "Lesson_0061",
      "Number": 61,
      "Description": "Practice x & . Lesson 2",
      "Lines": [{
        "Line_01": "exercise makes me feel relaxed. after",
        "Line_02": "i took the exit exam sixty times, i",
        "Line_03": "watched mad max. i fixed my xm radio.",
        "Line_04": "i did extra examples."
      }]
    },
    "Lesson_0062": {
      "Name": "Lesson_0062",
      "Number": 62,
      "Description": "Travel R Ring Finger",
      "Lines": [{
        "Line_01": ".lo .lo .ol .ol .lo. lo.o l.o. .l..o",
        "Line_02": "lo..l .ol. .ol .lo"
      }]
    },
    "Lesson_0063": {
      "Name": "Lesson_0063",
      "Number": 63,
      "Description": "Travel L Ring Finger",
      "Lines": [{
        "Line_01": "xsw xsw xws xws xswx swxw sxwx xsxxw",
        "Line_02": "swxxs xwsx xws xsw"
      }]
    },
    "Lesson_0064": {
      "Name": "Lesson_0064",
      "Number": 64,
      "Description": "Keys z & /",
      "Lines": [{
        "Line_01": "z/",
        "Line_02": "z/z/zz/",
        "Line_03": "/z/zzzz",
        "Line_04": "/z///z/",
        "Line_05": "z/zzz/z",
        "Line_06": "/z/z"
      }]
    },
    "Lesson_0065": {
      "Name": "Lesson_0065",
      "Number": 65,
      "Description": "Practice z & / Lesson 1",
      "Lines": [{
        "Line_01": "zazza za zza /; //; /; //; zaza /;/;",
        "Line_02": "zzza ///; az/; aza ;/; azaza ;/;/; zza",
        "Line_03": "//; zz// z/z/ z/a; zza //;"
      }]
    },
    "Lesson_0066": {
      "Name": "Lesson_0066",
      "Number": 66,
      "Description": "Practice z & / Lesson 2",
      "Lines": [{
        "Line_01": "i was amazed / the wall / puzzled how",
        "Line_02": "lazy / crazy zak was. he had a jazz",
        "Line_03": "quiz close to a freezer. she makes him",
        "Line_04": "dizzy. he realized the size was",
        "Line_05": "smaller."
      }]
    },
    "Lesson_0067": {
      "Name": "Lesson_0067",
      "Number": 67,
      "Description": "Travel R Pinky Finger",
      "Lines": [{
        "Line_01": "/;p /;p /p; /p; /;p/ ;p/p ;/p/ /;//p",
        "Line_02": ";p//; /p;/ /p; /;p"
      }]
    },
    "Lesson_0068": {
      "Name": "Lesson_0068",
      "Number": 68,
      "Description": "Travel L Pinky Finger",
      "Lines": [{
        "Line_01": "zaq zaq zqa zqa zaqz aqzq azqz zazzq",
        "Line_02": "aqzza zqaz zqa zaq"
      }]
    },
    "Lesson_0069": {
      "Name": "Lesson_0069",
      "Number": 69,
      "Description": "Test 10 - Btotom Row",
      "Lines": [{
        "Line_01": "zxcvm.zxvmmzxcv,zxcm,zmxcv,zmxz,cv,zxcvxmcv,"
      }]
    },
    "Lesson_0070": {
      "Name": "Lesson_0070",
      "Number": 70,
      "Description": "Keys b & n",
      "Lines": [{
        "Line_01": "bn",
        "Line_02": "bnbnbbn",
        "Line_03": "nbbbnnn",
        "Line_04": "bnnnbnn",
        "Line_05": "bnbnbnb",
        "Line_06": "nbnn"
      }]
    },
    "Lesson_0071": {
      "Name": "Lesson_0071",
      "Number": 71,
      "Description": "Practice b & n Lesson 1",
      "Lines": [{
        "Line_01": "bf bbf bf bbf nj nnj nj nnj bfbf njnj",
        "Line_02": "bbbf nnnj fbnj fbf jnj fbfbf jnjnj bbf",
        "Line_03": "nnj bbnn bnbn bnfj bbf nnj"
      }]
    },
    "Lesson_0072": {
      "Name": "Lesson_0072",
      "Number": 72,
      "Description": "Practice b & n Lesson 2",
      "Lines": [{
        "Line_01": "a baby is the very young offspring of",
        "Line_02": "humans. a new born is an infant who is",
        "Line_03": "within hours and up to a few weeks",
        "Line_04": "from birth"
      }]
    },
    "Lesson_0073": {
      "Name": "Lesson_0073",
      "Number": 73,
      "Description": "Bottom Row - L Hand",
      "Lines": [{
        "Line_01": "a reserved eager tree was at secret",
        "Line_02": "vast ever read exceeded defeated a few",
        "Line_03": "wave sweetest vast raced bazaar ever",
        "Line_04": "at a safe seat"
      }]
    },
    "Lesson_0074": {
      "Name": "Lesson_0074",
      "Number": 74,
      "Description": "Bottom Row - R Hand",
      "Lines": [{
        "Line_01": "ok you in only in jump on you in milk",
        "Line_02": "pull ok pop hook lump pink my you up",
        "Line_03": "on look no him hill noon moon upon",
        "Line_04": "july join oil milion"
      }]
    },
    "Lesson_0075": {
      "Name": "Lesson_0075",
      "Number": 75,
      "Description": "Practice Bottom Row",
      "Lines": [{
        "Line_01": "great work so far. we will now move",
        "Line_02": "on to learn about the tab and enter",
        "Line_03": "key, and then work on your speed."
      }]
    },
    "Lesson_0076": {
      "Name": "Lesson_0076",
      "Number": 76,
      "Description": "Test 11 - Bottom Row",
      "Lines": [{
        "Line_01": "mcn/vbx,z.x,cm/vnbz.c,vnbzx,/cmvnbbz.zxccmx,vnbz,x./"
      }]
    },
    "Lesson_0077": {
      "Name": "Lesson_0077",
      "Number": 77,
      "Description": "Test 12 - Bottom Row FINAL",
      "Lines": [{
        "Line_01": "someone balloon picture morning chicken another brought"
      }]
    },
    "Lesson_0078": {
      "Name": "Lesson_0078",
      "Number": 78,
      "Description": "Travel R All",
      "Lines": [{
        "Line_01": "mju ,ki .lo /;p ujm ik, ol. p;/ mju",
        "Line_02": ",ki .lo /;p ujm ik, ol. p;/"
      }]
    },
    "Lesson_0079": {
      "Name": "Lesson_0079",
      "Number": 79,
      "Description": "Travel L All",
      "Lines": [{
        "Line_01": "vfr cde xsw zaq rfv edc wsx qaz vfr",
        "Line_02": "cde xsw zaq rfv edc wsx qaz"
      }]
    },
    "Lesson_0080": {
      "Name": "Lesson_0080",
      "Number": 80,
      "Description": "Dynamic Practice",
      "Lines": [{
        "Line_01": "gr gr gro gre group greatly great",
        "Line_02": "ge ge ege nge college range germany",
        "Line_03": "ga ga ega gan began legal negative",
        "Line_04": "gn gn ign agn foreign electromagnetic",
        "Line_05": "signals",
        "Line_06": "gi gi egi igi regional original",
        "Line_07": "originally"
      }]
    },
    "Lesson_0081": {
      "Name": "Lesson_0081",
      "Number": 81,
      "Description": "Using Ten Fingers",
      "Lines": [{
        "Line_01": "now that you know how to type with",
        "Line_02": "all ten fingers, lets work on your",
        "Line_03": "speed and then move on to other keys."
      }]
    },
    "Lesson_0082": {
      "Name": "Lesson_0082",
      "Number": 82,
      "Description": "Increase Speed",
      "Lines": [{
        "Line_01": "if you want your typing speed to",
        "Line_02": "increase, you must first focus on your",
        "Line_03": "accuracy."
      }]
    },
    "Lesson_0083": {
      "Name": "Lesson_0083",
      "Number": 83,
      "Description": "Speed Practice 1",
      "Lines": [{
        "Line_01": "practice makes perfect. every time you",
        "Line_02": "repeat this lesson, your speed will",
        "Line_03": "increase."
      }]
    },
    "Lesson_0084": {
      "Name": "Lesson_0084",
      "Number": 84,
      "Description": "Don't Look Down",
      "Lines": [{
        "Line_01": "remember the first and only rule of",
        "Line_02": "typing, never ever look at the",
        "Line_03": "keyboard while typing."
      }]
    },
    "Lesson_0085": {
      "Name": "Lesson_0085",
      "Number": 85,
      "Description": "Practice R Hand",
      "Lines": [{
        "Line_01": "look, only you join him. only you look",
        "Line_02": "him up."
      }]
    },
    "Lesson_0086": {
      "Name": "Lesson_0086",
      "Number": 86,
      "Description": "Test 13 - Play: Words",
      "Lines": [{
        "Line_01": "type increase finers look make perfect practice look make"
      }]
    },
    "Lesson_0087": {
      "Name": "Lesson_0087",
      "Number": 87,
      "Description": "Staring at Screen",
      "Lines": [{
        "Line_01": "when we stare at a screen we tend to",
        "Line_02": "blink less. that is bad for the eyes",
        "Line_03": "because they can get dry."
      }]
    },
    "Lesson_0088": {
      "Name": "Lesson_0088",
      "Number": 88,
      "Description": "Take Breaks",
      "Lines": [{
        "Line_01": "make sure to look away from the",
        "Line_02": "computer every fifteen minutes, and",
        "Line_03": "take a five minute break every hour."
      }]
    },
    "Lesson_0089": {
      "Name": "Lesson_0089",
      "Number": 89,
      "Description": "Take Breaks",
      "Lines": [{
        "Line_01": "once you have finished typing this",
        "Line_02": "lesson, look away from the computer",
        "Line_03": "for a few short seconds before looking",
        "Line_04": "at the results."
      }]
    },
    "Lesson_0090": {
      "Name": "Lesson_0090",
      "Number": 90,
      "Description": "Active Breaks",
      "Lines": [{
        "Line_01": "because sitting at a computer is the",
        "Line_02": "exact opposite of exercise, you should",
        "Line_03": "take a more active break every hour or",
        "Line_04": "so."
      }]
    },
    "Lesson_0091": {
      "Name": "Lesson_0091",
      "Number": 91,
      "Description": "Practice L Hand",
      "Lines": [{
        "Line_01": "as tree grew grass waved grass were",
        "Line_02": "watered trees were fed"
      }]
    },
    "Lesson_0092": {
      "Name": "Lesson_0092",
      "Number": 92,
      "Description": "Test 14 - Play: Numbers",
      "Lines": [{
        "Line_01": "one two three four five six seven eight nine ten eleven twelve"
      }]
    },
    "Lesson_0093": {
      "Name": "Lesson_0093",
      "Number": 93,
      "Description": "Muscle Memory",
      "Lines": [{
        "Line_01": "it usually takes a few weeks of",
        "Line_02": "practice to build the muscle memory",
        "Line_03": "needed to type fast."
      }]
    },
    "Lesson_0094": {
      "Name": "Lesson_0094",
      "Number": 94,
      "Description": "Good posture",
      "Lines": [{
        "Line_01": "good posture helps improve our",
        "Line_02": "concentration, letting you work longer",
        "Line_03": "and harder. it also prevents sore",
        "Line_04": "muscles."
      }]
    },
    "Lesson_0095": {
      "Name": "Lesson_0095",
      "Number": 95,
      "Description": "Adjust Your Screen",
      "Lines": [{
        "Line_01": "look straight ahead. make sure your",
        "Line_02": "eyes look directly into your monitor",
        "Line_03": "the same way you would look at someone",
        "Line_04": "across the table from you."
      }]
    },
    "Lesson_0096": {
      "Name": "Lesson_0096",
      "Number": 96,
      "Description": "Trust Yourself",
      "Lines": [{
        "Line_01": "once you are more comfortable with the",
        "Line_02": "keyboard, you may turn off the virtual",
        "Line_03": "hand guides by using the settings at",
        "Line_04": "the top of the page."
      }]
    },
    "Lesson_0097": {
      "Name": "Lesson_0097",
      "Number": 97,
      "Description": "Practice R Hand",
      "Lines": [{
        "Line_01": "my opinion on him. pumpkin oil, milk,",
        "Line_02": "ink, mill."
      }]
    },
    "Lesson_0098": {
      "Name": "Lesson_0098",
      "Number": 98,
      "Description": "Test 15 - Play Words",
      "Lines": [{
        "Line_01": "improve good weeks usually ahead ahead practice sure straight memory keyboard make posture look concentration"
      }]
    },
    "Lesson_0099": {
      "Name": "Lesson_0099",
      "Number": 99,
      "Description": "Brain Power",
      "Lines": [{
        "Line_01": "as you type, your brain remembers each",
        "Line_02": "word as a pattern of keystrokes. this",
        "Line_03": "allows you to type the same words",
        "Line_04": "without thining about how to type",
        "Line_05": "each character."
      }]
    },
    "Lesson_0100": {
      "Name": "Lesson_0100",
      "Number": 100,
      "Description": "Repeat Lessons",
      "Lines": [{
        "Line_01": "to see how it works lets type the",
        "Line_02": "next sentence five times. i am glad. i",
        "Line_03": "am glad. i am glad. i am glad. i am",
        "Line_04": "glad."
      }]
    }
  }]
}