{
  "LessonPlan": [{
    "Lesson_0001": {
      "Name": "Lesson_0001",
      "Number": 1,
      "Description": "Keys f & j",
      "Lines": [{
        "Line_01": "fj",
        "Line_02": "ffffjjj",
        "Line_03": "jffffjj",
        "Line_04": "jjffjjf",
        "Line_05": "fjjfjfj",
        "Line_06": "jfjf"
      }]
    },
    "Lesson_0002": {
      "Name": "Lesson_0002",
      "Number": 2,
      "Description": "Practice f & j Lesson 1",
      "Lines": [{
        "Line_01": "f f j j",
        "Line_02": "ff f f",
        "Line_03": "jj jj f",
        "Line_04": "j jf ff",
        "Line_05": "j j"
      }]
    },
    "Lesson_0003": {
      "Name": "Lesson_0003",
      "Number": 3,
      "Description": "Practice f & j Lesson 2",
      "Lines": [{
        "Line_01": "ffff jjjj ff jj fff jjj fj fj jjf ffj",
        "Line_02": "fff jjj ffj jjf fjfj fffj jjjf ffjj",
        "Line_03": "ff jj ffff"
      }]
    },
    "Lesson_0004": {
      "Name": "Lesson_0004",
      "Number": 4,
      "Description": "Keys d & k",
      "Lines": [{
        "Line_01": "dk",
        "Line_02": "ddddkkk",
        "Line_03": "kddddkk",
        "Line_04": "kkddkkd",
        "Line_05": "dkkdkdk",
        "Line_06": "kdkd"
      }]
    },
    "Lesson_0005": {
      "Name": "Lesson_0005",
      "Number": 5,
      "Description": "Practice d & k Lesson 1",
      "Lines": [{
        "Line_01": "dd kk dk dk kd kd ddd kkd ddk dkk",
        "Line_02": "kkdd ddkk dddd kkkk ddkk kkdd kdd kddd",
        "Line_03": "dk kk"
      }]
    },
    "Lesson_0006": {
      "Name": "Lesson_0006",
      "Number": 6,
      "Description": "Practice d & k Lesson 2",
      "Lines": [{
        "Line_01": "ffff ddd jjjj kkkk df df jk jk jjj",
        "Line_02": "fff ddff jjkk kkdd fdfd jkjk dfjk dfjk",
        "Line_03": "kkdd jkjk dfdf dfjj jjfd kkjj dfjk",
        "Line_04": "ddkd kkdk"
      }]
    },
    "Lesson_0007": {
      "Name": "Lesson_0007",
      "Number": 7,
      "Description": "Test 1",
      "Lines": [{
        "Line_01": "ffjjfjkdjkdfkjdkfjkdjfkjdfkdjfkdfdkjfkdf"
      }]
    },
    "Lesson_0008": {
      "Name": "Lesson_0008",
      "Number": 8,
      "Description": "Keys s & l",
      "Lines": [{
        "Line_01": "sl",
        "Line_02": "sssslll",
        "Line_03": "lssssll",
        "Line_04": "llsslls",
        "Line_05": "sllslsl",
        "Line_06": "lsls"
      }]
    },
    "Lesson_0009": {
      "Name": "Lesson_0009",
      "Number": 9,
      "Description": "Practice s & l Lesson 1",
      "Lines": [{
        "Line_01": "ll ss ssll slsl lsssl slls lsll ssl",
        "Line_02": "lss ssll slsl llsslsll ssl ssll slsl",
        "Line_03": "lsll ll"
      }]
    },
    "Lesson_0010": {
      "Name": "Lesson_0010",
      "Number": 10,
      "Description": "Practice s & l Lesson 2",
      "Lines": [{
        "Line_01": "jj ff kk dd ll ssssd df fj jk kl",
        "Line_02": "sdfsk dl ks jf kd lslfl kl js kd jf",
        "Line_03": "sdfllk kkj jjf"
      }]
    },
    "Lesson_0011": {
      "Name": "Lesson_0011",
      "Number": 11,
      "Description": "Keys a & ;",
      "Lines": [{
        "Line_01": "a;",
        "Line_02": "aaaa;;;",
        "Line_03": ";aaaa;;",
        "Line_04": ";;aa;;a",
        "Line_05": "a;;a;a;",
        "Line_06": ";a;a"
      }]
    },
    "Lesson_0012": {
      "Name": "Lesson_0012",
      "Number": 12,
      "Description": "Practice a & ; Lesson 1",
      "Lines": [{
        "Line_01": "aa ;; ;;aa ;a;a a;;;a ;aa; a;aa",
        "Line_02": ";;aaa;; ;;aa ;a;a aa;;a;aa ;;a ;;aa",
        "Line_03": ";a;a"
      }]
    },
    "Lesson_0013": {
      "Name": "Lesson_0013",
      "Number": 13,
      "Description": "Practice a & ; Lesson 2",
      "Lines": [{
        "Line_01": "ask dad all salads fall; lass as all",
        "Line_02": "ads add salsa jaff kad; flask lass sad",
        "Line_03": "fall alfa jak kaj dad ask"
      }]
    },
    "Lesson_0014": {
      "Name": "Lesson_0014",
      "Number": 14,
      "Description": "Test 2",
      "Lines": [{
        "Line_01": "all;fallflask;salad;salad;sfallfallaladjlaskflaskasasaladask"
      }]
    },
    "Lesson_0015": {
      "Name": "Lesson_0015",
      "Number": 15,
      "Description": "Home Row L-Hand",
      "Lines": [{
        "Line_01": "dad dada ad ada adad sad sada",
        "Line_02": "dasad fas fasd dada affa fada fasa",
        "Line_03": "saf fdds sadf"
      }]
    },
    "Lesson_0016": {
      "Name": "Lesson_0016",
      "Number": 16,
      "Description": "Home Row R-Hand",
      "Lines": [{
        "Line_01": "jk jk jjkk jlkj ;;;; lkjj jj;;",
        "Line_02": "lkjj lkjj lk;; jkl; jjkk lkj jjkk",
        "Line_03": "lkjj ;;;; llll kkkk jjjj jl jk kj",
        "Line_04": "klj lkj kljj kljj"
      }]
    },
    "Lesson_0017": {
      "Name": "Lesson_0017",
      "Number": 17,
      "Description": "Keys g & h",
      "Lines": [{
        "Line_01": "gh",
        "Line_02": "gggghhh",
        "Line_03": "hgggghh",
        "Line_04": "hhgghhg",
        "Line_05": "ghhghgh",
        "Line_06": "hgh"
      }]
    },
    "Lesson_0018": {
      "Name": "Lesson_0018",
      "Number": 18,
      "Description": "Practice g & h Lesson 1",
      "Lines": [{
        "Line_01": "gf ggf gf ggf hj hhj hj hhj gfgf",
        "Line_02": "hjhj gggf hhhj fghj fgf jhj fgfgf",
        "Line_03": "jhjhj ggf hhj gghh ghgh ghfj ggf",
        "Line_04": "hhj"
      }]
    },
    "Lesson_0019": {
      "Name": "Lesson_0019",
      "Number": 19,
      "Description": "Practice g & h Lesson 2",
      "Lines": [{
        "Line_01": "glad glass gag had haha gal hal",
        "Line_02": "gaf hah haha gaga glad hala hal",
        "Line_03": "hasha shash gl"
      }]
    },
    "Lesson_0020": {
      "Name": "Lesson_0020",
      "Number": 20,
      "Description": "Home Row Review",
      "Lines": [{
        "Line_01": "glad dad had half a glass as",
        "Line_02": "salad; dad shall ask glass flags",
        "Line_03": "had glass ask shall flask had",
        "Line_04": "slash jaff"
      }]
    },
    "Lesson_0021": {
      "Name": "Lesson_0021",
      "Number": 21,
      "Description": "Test 3",
      "Lines": [{
        "Line_01": "dadhalfasaladagladflaghadslashladsaladhalfasaladadsfadfs"
      }]
    },
    "Lesson_0022": {
      "Name": "Lesson_0022",
      "Number": 22,
      "Description": "Keys r & u",
      "Lines": [{
        "Line_01": "ru",
        "Line_02": "rrruuru",
        "Line_03": "uuuruur",
        "Line_04": "rruruur",
        "Line_05": "rrruruu",
        "Line_06": "uruu"
      }]
    },
    "Lesson_0023": {
      "Name": "Lesson_0023",
      "Number": 23,
      "Description": "Practice r & u Lesson 1",
      "Lines": [{
        "Line_01": "rf rrf rf rrf uj uuj uj uuj rfrf",
        "Line_02": "ujuj rrrf uuuj fruj frf juj frfrf",
        "Line_03": "jujuj rrf uuj rruu ruru rufj rrf",
        "Line_04": "uuj"
      }]
    },
    "Lesson_0024": {
      "Name": "Lesson_0024",
      "Number": 24,
      "Description": "Practice r & u Lesson 2",
      "Lines": [{
        "Line_01": "usual salad has hug laugh rush us lurk",
        "Line_02": "radar rural shark skull sugar us ask",
        "Line_03": "dull dad flag harsh"
      }]
    },
    "Lesson_0025": {
      "Name": "Lesson_0025",
      "Number": 25,
      "Description": "Keys e & i",
      "Lines": [{
        "Line_01": "ei",
        "Line_02": "eiiieee",
        "Line_03": "eiieiee",
        "Line_04": "iieieii",
        "Line_05": "ieeiiei",
        "Line_06": "eiee"
      }]
    },
    "Lesson_0026": {
      "Name": "Lesson_0026",
      "Number": 26,
      "Description": "Practice e & i Lesson 1",
      "Lines": [{
        "Line_01": "ed eed ed eed ik iik ik iik eded ikik",
        "Line_02": "eeed iik deik dede kik deded kikik",
        "Line_03": "eed iik eeii eiei eidk eed ik"
      }]
    },
    "Lesson_0027": {
      "Name": "Lesson_0027",
      "Number": 27,
      "Description": "Practice e & i Lesson 2",
      "Lines": [{
        "Line_01": "address add reader skill did suffer",
        "Line_02": "all field ear free kiss ride aide died",
        "Line_03": "dealers lied alike darker area afraid",
        "Line_04": "all air duller user free idea"
      }]
    },
    "Lesson_0028": {
      "Name": "Lesson_0028",
      "Number": 28,
      "Description": "Review Home + ruei",
      "Lines": [{
        "Line_01": "red fair hear her her life here has",
        "Line_02": "raise a hers here is read his rugs",
        "Line_03": "raised her rule as reared far as he",
        "Line_04": "red field her dreaded here al hard",
        "Line_05": "herself hair;"
      }]
    },
    "Lesson_0029": {
      "Name": "Lesson_0029",
      "Number": 29,
      "Description": "Top Row: Left Hand",
      "Lines": [{
        "Line_01": "a red address dragged a dare dare as",
        "Line_02": "feared degree reads rage are seeds a",
        "Line_03": "address are see fared garage dare read",
        "Line_04": "dear see"
      }]
    },
    "Lesson_0030": {
      "Name": "Lesson_0030",
      "Number": 30,
      "Description": "Top Row: Right Hand",
      "Lines": [{
        "Line_01": "hill ill lill; hill lik jil jh jll",
        "Line_02": "kll jjjk jjjl lll; ;;;k lkj ;lkj jill",
        "Line_03": "hill kih khil khil likh"
      }]
    },
    "Lesson_0031": {
      "Name": "Lesson_0031",
      "Number": 31,
      "Description": "Test 4 - ruei",
      "Lines": [{
        "Line_01": "afraid guess laugh heard shall dress glass field"
      }]
    },
    "Lesson_0032": {
      "Name": "Lesson_0032",
      "Number": 32,
      "Description": "Keys w & o",
      "Lines": [{
        "Line_01": "wo",
        "Line_02": "wwoowwo",
        "Line_03": "owwooow",
        "Line_04": "woowwwo",
        "Line_05": "owwowoo",
        "Line_06": "wwwo"
      }]
    },
    "Lesson_0033": {
      "Name": "Lesson_0033",
      "Number": 33,
      "Description": "Practice w & o Lesson 1",
      "Lines": [{
        "Line_01": "ws wws ws wws ol ool ol ool wsws olol",
        "Line_02": "wwws oool swol sws lol swsws lolol wws",
        "Line_03": "ool wwoo wowo wosl wws ool"
      }]
    },
    "Lesson_0034": {
      "Name": "Lesson_0034",
      "Number": 34,
      "Description": "Practice w & o Lesson 2",
      "Lines": [{
        "Line_01": "swear owe lower alo allow row weak",
        "Line_02": "flower follow wear sure well road saw",
        "Line_03": "rear risker order soldiers worried",
        "Line_04": "awkward firewood afford"
      }]
    },
    "Lesson_0035": {
      "Name": "Lesson_0035",
      "Number": 35,
      "Description": "Test 5 - Top 6 Keys",
      "Lines": [{
        "Line_01": "soshewaswereafewflowerssawhisshadowwereweawareofwhere"
      }]
    },
    "Lesson_0036": {
      "Name": "Lesson_0036",
      "Number": 36,
      "Description": "Keys q & y",
      "Lines": [{
        "Line_01": "qy",
        "Line_02": "qyyqyyyy",
        "Line_03": "qyqqqyy",
        "Line_04": "yqyqyyq",
        "Line_05": "yyyqqqy",
        "Line_06": "yqyq"
      }]
    },
    "Lesson_0037": {
      "Name": "Lesson_0037",
      "Number": 37,
      "Description": "Practice q & y Lesson 1",
      "Lines": [{
        "Line_01": "qa qqa qa qqa yj yyj yj yyj qaqa yjyj",
        "Line_02": "qqqa yyyj aqyj aqa jyj aqaqa jyjyj qqa",
        "Line_03": "yyj qqy qyqy qyaj qqa yyj"
      }]
    },
    "Lesson_0038": {
      "Name": "Lesson_0038",
      "Number": 38,
      "Description": "Practice q & y Lesson 2",
      "Lines": [{
        "Line_01": "sheaf qualify already yellow we early",
        "Line_02": "why require year sir how liquid yard",
        "Line_03": "joy yield risk lady offer rough ready"
      }]
    },
    "Lesson_0039": {
      "Name": "Lesson_0039",
      "Number": 39,
      "Description": "Keys t & p",
      "Lines": [{
        "Line_01": "tp",
        "Line_02": "pptptpt",
        "Line_03": "ttttptp",
        "Line_04": "tpptptp",
        "Line_05": "pptpttp",
        "Line_06": "tppt"
      }]
    },
    "Lesson_0040": {
      "Name": "Lesson_0040",
      "Number": 40,
      "Description": "Practice t & p Lesson 1",
      "Lines": [{
        "Line_01": "tf ttf tf ttf p; pp; p; pp; tftf p;p;",
        "Line_02": "tttf ppp; ftp; ftf ;p; ftftf ;p;p; ttf",
        "Line_03": "pp; ttpp tptp tpf; ttf pp;"
      }]
    },
    "Lesson_0041": {
      "Name": "Lesson_0041",
      "Number": 41,
      "Description": "Practice t & p Lesson 2",
      "Lines": [{
        "Line_01": "two fall first soft white adapt thirty",
        "Line_02": "ought other post wealthy our totally",
        "Line_03": "tree teeth faith trailer rapidly slight",
        "Line_04": "fourth fast"
      }]
    },
    "Lesson_0042": {
      "Name": "Lesson_0042",
      "Number": 42,
      "Description": "Test 6 - Top Row",
      "Lines": [{
        "Line_01": "hueadgsfpo;rtwjlqkiyohpskwfytldgqjui;raeokrpwltsgqiyja;uedhf"
      }]
    },
    "Lesson_0043": {
      "Name": "Lesson_0043",
      "Number": 43,
      "Description": "Review - Home + Top Rows",
      "Lines": [{
        "Line_01": "with all their faults well if the",
        "Line_02": "wages are the depth of his safest take",
        "Line_03": "out of this world with us of his",
        "Line_04": "property till he pay you for slipped"
      }]
    },
    "Lesson_0044": {
      "Name": "Lesson_0044",
      "Number": 44,
      "Description": "Top Row - Left Hand",
      "Lines": [{
        "Line_01": "we are at a great ease a start as fast",
        "Line_02": "as a referred sea rewarded a wage tea",
        "Line_03": "art wetted gate a great add are at",
        "Line_04": "tea start were art free"
      }]
    },
    "Lesson_0045": {
      "Name": "Lesson_0045",
      "Number": 45,
      "Description": "Top Row - Left Hand",
      "Lines": [{
        "Line_01": "we are at a great ease a start as fast",
        "Line_02": "as a referred sea rewarded a wage tea",
        "Line_03": "art wetted gate a great add are at",
        "Line_04": "tea start were art free"
      }]
    },
    "Lesson_0046": {
      "Name": "Lesson_0046",
      "Number": 46,
      "Description": "Top Row - Right Hand",
      "Lines": [{
        "Line_01": "you look up you pul up poppy; loop",
        "Line_02": "oil you joy hop hill; oh pool up you",
        "Line_03": "jolly hill ill pill lol you; joy"
      }]
    },
    "Lesson_0047": {
      "Name": "Lesson_0047",
      "Number": 47,
      "Description": "Test 7 - Top Row",
      "Lines": [{
        "Line_01": "yrgilokwfthygeswaopiqwertyuiopjufrkefikikw"
      }]
    },
    "Lesson_0048": {
      "Name": "Lesson_0048",
      "Number": 48,
      "Description": "Test 8 - Top Row FINAL",
      "Lines": [{
        "Line_01": "the air is like this is lot like the early edge were"
      }]
    },
    "Lesson_0049": {
      "Name": "Lesson_0049",
      "Number": 49,
      "Description": "Keys v & m",
      "Lines": [{
        "Line_01": "vm",
        "Line_02": "vmvmmvm",
        "Line_03": "mmvvvvm",
        "Line_04": "vmvmvmm",
        "Line_05": "mvmvmmv",
        "Line_06": "vvmm"
      }]
    },
    "Lesson_0050": {
      "Name": "Lesson_0050",
      "Number": 50,
      "Description": "Practice v & m Lesson 1",
      "Lines": [{
        "Line_01": "vf vvf vf vvf mj mmj mj mmj vfvf mjmj",
        "Line_02": "vvvf mmmj fvmj fvf jmj fvfvf jmjmj vvf",
        "Line_03": "mmj vvmm vmvm vmfj vvf mmj"
      }]
    }
  }]
}